word_id,word,doc_id,frequency
186720,atagaattcagaggatgtggctgggg,5084,1
186719,gttgcagaagccgagg,5084,1
186718,atactcgagat,5084,1
186717,nexuses,5084,1
186716,noncytoskeletal,5084,1
186715,fscn3,5084,1
186714,fscn2,5084,1
186713,fscn,5084,2
186712,gap43,5084,2
186711,srep44699,5084,1
186710,fscn1expressed,5084,1
186709,g1in,5084,1
186708,magphinin,5084,1
186707,trophinin,5084,1
186706,dlxin,5084,1
186704,necdin,5084,7
186702,gstpull,5084,1
186701,vime,5084,58
186700,fscn1,5084,49
186632,806e013n,5080,1
186631,pfeil,5080,1
186630,tabatabai,5080,1
4937,leitdfng,9,1
4936,clfvharlratkreaikvfncidwshrlv,9,1
4935,veclssrrcrgvaeckgdacqrwnstlvsrefqgitnnsvisenrcieqcggvgcacfnvyas,9,1
4934,csegqsywtsqyg,9,1
4930,cartouches,9,1
4916,complign,9,1
4910,uivirus,9,1
4893,risv,9,2
4888,tenuiviridae,9,1
4854,dicysteines,9,1
4836,rfg,9,1
4778,uuk,9,2
4773,onn,9,1
4726,phdsec,9,3
4718,macmolly,9,3
4703,rdf2,9,1
4700,aab37578,9,1
4696,cab91847,9,1
4690,caa61161,9,1
4679,crow3356,9,1
4678,p12823,9,1
4675,p19901,9,1
4671,p32886,9,1
4667,p14336,9,1
4665,np508324,9,1
4664,y75d11a,9,1
4663,cer13,9,3
4662,aa031607,9,1
4642,hepaciviruises,9,1
4571,betapenetrenes,9,1
186629,overconfluence,5079,1
186628,uggcuua,5079,1
186627,ugcggaagaugc,5079,1
186626,uggccaagga,5079,1
186625,aaggaucuuug,5079,1
186624,ccnd3cherry,5079,1
186623,mobu,5079,1
186622,presynchronized,5079,1
186621,mevalonolactone,5079,1
186620,ep463e,5079,2
186619,j112,5079,1
186617,j146,5079,1
186616,dcs22,5079,1
186615,computative,5079,1
186614,ubiquitylates,5079,1
186613,ccdn3,5079,1
186611,installs,5079,1
186610,preaccumulated,5079,1
186609,pleiotropism,5079,1
186608,ulating,5079,1
189698,mirkovi,5196,1
189696,mpltarget,5196,1
189695,centrikon,5196,1
189694,membraneembedded,5196,1
189692,benzoyloxycarbonyl,5196,3
189691,hq449739,5196,1
189689,rclt,5196,1
189688,dq150588,5196,1
189686,rcysc,5196,2
189685,cysccoding,5196,1
189684,cr542018,5196,2
189682,bindingspecificity,5196,1
189680,xcl,5196,6
189678,cnl,5196,1
189677,nematotoxicity,5196,1
189676,nematotoxic,5196,2
189675,entomotoxic,5196,1
189674,dqcollagen,5196,2
189673,p01034,5196,1
189672,q3y9i6,5196,1
189670,cd49c,5196,1
189669,chlopromazine,5196,1
189668,d22r,5196,4
189667,d109r,5196,4
189666,neot,5196,24
189665,clitocypin,5196,10
189663,macrolepiota,5196,4
204589,dodecarboranes,5773,1
204588,thermochromic,5773,1
204587,triphenylphosphine,5773,1
204586,coordinatively,5773,1
204585,pentamethylcyclopentadiene,5773,4
204584,dithiolato,5773,8
204583,2dithiolato,5773,2
204582,dodecarborane,5773,7
204581,closo,5773,8
204578,carborane,5773,6
204577,organometallics,5773,3
186560,arometic,5076,1
186559,valnine,5076,1
186558,gche,5076,1
186557,hkah,5076,1
186556,hkk,5076,1
186555,highlighiting,5076,1
186554,existance,5076,2
186553,frequancy,5076,1
186552,triheme,5076,1
186551,uisng,5076,1
186550,chamical,5076,1
186549,matlab16b,5076,1
186548,thevertices,5076,1
186547,hitsz,5076,1
186546,cholanoic,5076,1
186545,hemes,5076,1
186544,mostely,5076,1
186543,ppce,5076,9
186542,ppcd,5076,28
186541,ppcc,5076,2
186540,donar,5076,1
186539,dxca,5076,6
186538,ppcb,5076,17
108449,reasonablly,2149,1
108448,reoccurs,2149,1
108447,periodd,2149,2
108446,paricularly,2149,1
108444,andd,2149,2
108443,increasesd,2149,1
108441,sayb,2149,1
108440,kccd,2149,1
108439,mercy,2149,1
108437,blackout,2149,3
108436,alsod,2149,1
108435,avaiable,2149,1
108434,nzdz1,2149,1
108433,izd,2149,1
108432,vectorb,2149,2
108431,misspells,2149,1
108430,honorific,2149,1
108429,honorifics,2149,1
108427,phonological,2149,3
108426,blankignored,2149,1
108425,filterquery,2149,2
108424,ter4j,2149,1
108423,twit,2149,1
108422,twitter4j,2149,1
108421,gardenpipe,2149,1
108418,e69305,2149,1
108416,hangeul,2149,11
186423,domedb,5072,1
186422,bodyfluid,5072,1
186421,hcsd,5072,1
186418,clec14a,5072,1
186417,jam3,5072,1
186414,pdgfrb,5072,1
186413,cdh17,5072,1
186412,nonshed,5072,3
186411,javaserver,5072,1
186410,sheddome,5072,3
186409,medb,5072,2
186408,sheddo,5072,2
186407,substratedb,5072,3
186406,pmap,5072,3
186405,shedp,5072,13
186404,sheddomedb,5072,25
181411,prvinfected,4836,1
181410,kp895102,4836,1
181409,kj526432,4836,1
181408,huyd,4836,1
181407,gelspin,4836,1
181405,b2cf2,4836,1
181404,qhd,4836,1
181403,metaldehyde,4836,1
181401,perineuronal,4836,1
181399,traumatisms,4836,1
181398,badajoz,4836,1
181397,matachel,4836,1
181396,hornachos,4836,1
181395,gerona,4836,1
181392,10nat,4836,1
181391,prvcontaminated,4836,1
181389,extremadura,4836,4
158836,plsmid,3950,1
158835,syncitium,3950,1
158834,envinduced,3950,2
158833,symcytium,3950,1
158831,astec,3950,1
158830,conforcal,3950,1
158829,helamcat1,3950,2
158828,telceb6,3950,1
158827,indoly,3950,1
158826,ca074me,3950,5
158824,jd34,3950,1
158823,albritton,3950,1
158822,te671mcat1,3950,9
158821,fusionfrom,3950,1
158820,microscopies,3950,1
158819,np2derived,3950,1
158818,katen,3950,1
158817,amanuma,3950,3
158815,fromwithin,3950,1
158814,malassin,3950,2
158813,syncytins,3950,1
158812,rodic,3950,1
158811,pavlath,3950,1
158810,abmayr,3950,1
158809,dents,3950,11
186382,arabinogalactans,5070,1
186378,meddlebrook,5070,1
186376,h37r,5070,2
186372,pyridomycin,5070,1
186371,ripafentine,5070,1
186370,viomycin,5070,1
186280,ab15347,5067,1
186279,f940,5067,1
186277,phtaldialdehyde,5067,1
186276,atipamezol,5067,1
186275,linshin,5067,1
186274,linbit,5067,1
186273,cugat,5067,1
186272,dmah,5067,1
186270,mso,5067,1
186269,prbb,5067,1
186267,phthalaldialdehyde,5067,1
186264,radioassays,5067,1
186263,hrace,5067,9
186262,streptozotozin,5067,1
186260,dipeptidylcarboxypeptidase,5067,1
95840,bj182,1754,1
95839,q1183k,1754,1
95838,q1183r,1754,1
95837,a022,1754,1
95836,hsz,1754,1
95833,5a7,1754,3
95832,5a5,1754,1
95829,ay613947,1754,1
95826,ay559093,1754,1
95825,p24ag,1754,1
95822,medisorp,1754,1
95821,biomate3s,1754,1
95820,cov12,1754,1
95819,sectodomain,1754,1
95818,gdo1,1754,1
95817,e50366,1754,1
186259,petrosyan,5066,1
186258,samaniego,5066,1
186257,luisa,5066,1
186256,villasana,5066,1
186255,nuatei,5066,1
186254,in206316,5066,1
186253,papiit,5066,1
186252,apoyo,5066,1
186251,carrero,5066,2
186250,mireya,5066,1
186247,hecr,5066,3
186246,lf33,5066,2
186245,nebacetin,5066,1
186244,enterogenic,5066,2
186243,cm226,5066,1
186242,jejune,5066,1
186241,lfp20,5066,3
186240,ec5,5066,1
186238,o6k5,5066,2
186237,staphylococcous,5066,1
186236,ifniii,5066,1
186235,tnf1,5066,1
186234,lf82,5066,6
186231,lfampin268,5066,1
186230,lfchimera,5066,7
186229,lfampin265,5066,1
186228,lactoferrampin,5066,1
186227,lfcin17,5066,2
186226,lfcins,5066,5
186225,lactoferricins,5066,1
186224,lfrs,5066,1
186223,ovotf,5066,2
98411,phosphotidyl,1842,1
98407,dsaav,1842,1
98405,phoshpho,1842,1
98404,286uc,1842,1
98403,foldregulation,1842,1
98400,ssaav2,1842,8
98396,technologyh,1842,1
98394,c50b12,1842,1
98393,119a11,1842,1
98392,elf2a,1842,3
98390,c33e10,1842,1
127998,ampoligo,2792,1
127996,ampoligos,2792,3
127995,u35772,2792,1
127994,x02144,2792,1
127991,transencapsidation,2792,1
127990,transencapsidated,2792,1
127989,hulless,2792,1
127988,tomvnoorf6,2792,1
127987,tomvlike,2792,1
127986,epinasty,2792,1
127984,transencapsidate,2792,1
127983,ribgrass,2792,1
127982,34ce,2792,24
127980,sunnhemp,2792,1
127979,systemicsymptom,2792,1
127978,longoligonucleotides,2792,1
127977,archeology,2792,1
127975,v01409,2792,1
127974,v01408,2792,2
250942,streetlevel,7696,1
250941,clientalist,7696,1
250940,romanticise,7696,1
250939,infractions,7696,1
250938,politeness,7696,1
250937,patriarchal,7696,1
250936,tibandebage,7696,1
250935,mackintosh,7696,1
250934,avoidwith,7696,1
250933,riskwhich,7696,1
250932,takenwhile,7696,1
250931,patronising,7696,1
250929,sabotaging,7696,1
250928,shirking,7696,1
250927,relinquish,7696,1
250926,fearhigher,7696,1
250925,measureswhich,7696,1
250924,documentsto,7696,1
250923,formalityon,7696,1
250922,mugambi,7696,1
250921,marani,7696,2
250920,theorises,7696,1
250919,meted,7696,1
250918,betrayed,7696,1
250917,selfregulatehelped,7696,1
250916,strategyof,7696,1
250915,timetables,7696,1
250914,instalment,7696,1
250913,diplomatically,7696,1
250912,complianceto,7696,1
250911,damagingwas,7696,1
250910,butcherswhich,7696,1
250909,spigot,7696,1
250908,freezersleading,7696,1
250907,recommendationsfor,7696,1
250906,settingsalso,7696,1
250905,hosespecially,7696,1
250904,actbut,7696,1
250903,officialise,7696,1
250902,officialdom,7696,2
250901,legislationwas,7696,1
250900,officialdomthrough,7696,1
250899,standardswere,7696,1
250898,unstamped,7696,1
250897,situationssuch,7696,1
250896,mostdid,7696,1
250895,lawscopies,7696,1
250894,protectionrather,7696,1
250893,bylawswhich,7696,1
250892,collusion,7696,1
250891,demotivation,7696,1
250890,feesbased,7696,1
250889,shopsas,7696,1
250888,vaccineswhich,7696,1
250887,undercutting,7696,1
250886,daybreak,7696,1
250885,motorbikes,7696,2
250884,oneshave,7696,1
250883,communitiesand,7696,1
250882,privatise,7696,1
250881,meting,7696,1
250880,complianceunstamped,7696,1
250879,slabsoften,7696,1
250878,appropriatelyqualified,7696,1
250877,enforcers,7696,1
250876,makersto,7696,1
250875,kiswahili,7696,2
250874,widelyobserved,7696,1
250873,masculinity,7696,1
250872,moshi,7696,6
250871,actororiented,7696,1
250870,unprescribed,7696,1
250869,leos,7696,70
250868,eateries,7696,3
250867,meatwhich,7696,1
250866,produceincluding,7696,1
250865,zoonosessuch,7696,1
250864,processeshosts,7696,1
250863,tanzaniain,7696,1
250861,punitively,7696,1
250860,foregrounds,7696,2
186173,asv2016,5063,2
186171,amdoparvoviral,5063,1
186168,d327,5063,1
186167,y320,5063,1
186166,hakeem,5063,2
186165,shoukry,5063,1
186164,naglaa,5063,1
186162,darryl,5063,1
186161,canizares,5063,1
186160,amador,5063,1
186159,yalena,5063,1
186158,robitaille,5063,4
186155,patriate,5063,3
186150,csv2016,5063,9
186143,toil,5061,1
186142,vitiating,5061,1
186141,inexcusable,5061,1
186140,nhtsa,5061,1
186139,ntsb,5061,1
186138,includeddue,5061,1
186135,needlesticks,5061,1
186134,acquirable,5061,1
186133,ostp,5061,2
69556,dustyn,1045,1
69553,hirunsalee,1045,1
69552,manoon,1045,1
69550,pongpun,1045,1
69549,pongurgsorn,1045,1
69548,benchawan,1045,1
69547,boonmar,1045,1
69545,rattanasilpkancharn,1045,1
69544,parnkaew,1045,1
69538,stasticially,1045,1
69537,nonrecipients,1045,1
69536,nonguano,1045,1
69524,steadiest,1045,1
189285,problematisations,5175,1
189284,foreshortened,5175,1
189283,inquests,5175,1
189282,gaping,5175,1
189281,lhstm,5175,1
189280,bafflement,5175,1
189279,verdicts,5175,1
189278,damning,5175,1
189277,bowed,5175,1
189275,republican,5175,1
189274,brantly,5175,1
189273,writebol,5175,1
189272,shone,5175,1
189271,flouting,5175,1
189270,tonkolili,5175,1
189267,borma,5175,1
189265,honigsbaum,5175,1
189263,matron,5175,1
189261,fonnie,5175,2
189260,mbalu,5175,1
189259,toyota,5175,1
189257,entreaties,5175,1
189256,humarr,5175,2
189255,sheik,5175,2
189254,gruelling,5175,1
189252,daru,5175,1
189251,koindu,5175,2
189250,miscarrying,5175,1
189249,kissy,5175,1
189246,sprecher,5175,3
189243,airlifted,5175,2
189241,jeera,5175,1
189240,headmen,5175,2
189239,graboyes,5175,1
189238,luise,5175,1
189237,vampirism,5175,1
189235,fairhead,5175,1
189234,goings,5175,1
189232,dodged,5175,1
189231,kargbo,5175,1
189230,miatta,5175,1
189229,paralysing,5175,1
189225,gemt,5175,2
189224,iasc,5175,1
189222,hinchcliffe,5175,1
189221,twentiethcentury,5175,1
189218,mobilising,5175,2
189217,insuperable,5175,1
189216,highpoint,5175,1
189212,flypapers,5175,1
189211,lurid,5175,1
189209,yorker,5175,1
189208,annales,5175,1
189207,smells,5175,1
189206,unconcerned,5175,1
189205,alacrity,5175,1
189203,relegation,5175,2
189201,zairean,5175,2
189200,galvanising,5175,2
269000,seraih,8491,1
268999,coaggregate,8491,1
268998,speciesand,8491,1
268997,autoaggregate,8491,2
268996,cefradine,8491,1
268995,dowdell,8491,1
268994,amix,8491,2
268993,apat,8491,3
268992,nami,8491,1
268991,6538p,8491,2
268990,bncc,8491,3
268989,bena,8491,1
268988,composts,8491,1
268987,silages,8491,1
268986,khingan,8491,4
186101,ligr,5057,1
186097,rouskin,5057,2
186096,talkish,5057,1
186095,fragseq,5057,1
186094,diament,5057,1
186093,gardin,5057,1
186092,hussmann,5057,1
186091,notebly,5057,1
186090,angov,5057,1
186089,charneski,5057,4
186088,guisez,5057,2
186087,ciryam,5057,1
186084,sufi,5057,2
186082,bhushan,5057,1
186081,woolhead,5057,1
186080,cavagnero,5057,1
186079,fedyukina,5057,1
186078,fedorov,5057,1
186077,kiho,5057,1
186076,cowie,5057,1
186073,hardesty,5057,1
186070,zwanzig,5057,1
186068,yangjr27,5057,1
186067,jry,5057,2
186066,levinthal,5057,1
186063,gingold,5057,2
186061,laederach,5057,1
185840,k72,5053,1
185839,c61,5053,1
185838,kx594327,5053,1
185837,kx594328,5053,1
185836,gsp0,5053,2
185832,serinus,5053,2
185810,lounes,5049,1
185809,arazoza,5049,1
185806,marquises,5049,2
185805,gambier,5049,2
185804,tuamotu,5049,2
185803,moorea,5049,2
185801,salubrit,5049,3
185778,labdesigned,5047,1
185777,wietzerbin,5047,1
185776,pdel189,5047,1
185775,pdel108,5047,1
185774,pdel36,5047,1
185773,crchum,5047,1
185773,crchum,5063,5
185772,hikk,5047,1
185771,dest30,5047,2
185770,porf9,5047,8
185769,cowww,5047,1
185768,sanceau,5047,1
185767,shlaz,5047,1
185766,ptrex,5047,3
185765,sitemutated,5047,1
185764,pdel56,5047,4
185763,pdel129,5047,5
185762,p1200il6,5047,10
185761,ptrexlacz,5047,14
185760,ptrexikk,5047,21
185759,doxycyclinesupplemented,5047,1
185757,shikk,5047,43
185756,6tr,5047,101
185755,tlr4mediated,5047,1
185753,wansaula,5046,1
185751,tgggcacctatgacaagcgc,5046,1
185750,adeno4,5046,2
185749,cctttggcgcatcccattct,5046,1
185748,adeno3,5046,2
185747,usely,5046,1
185701,dzl,5043,1
185700,exc147,5043,1
185699,kfo309,5043,1
185698,sfb1021,5043,1
185697,tr84,5043,1
185696,epressing,5043,1
185695,steinwede,5043,1
185693,schliehe,5043,1
185692,faslreleased,5043,1
185691,cipa2,5043,1
185690,gervais,5043,1
185687,brincks,5043,2
185686,wurzer,5043,1
185684,lysosomallocated,5043,1
185683,trailbinding,5043,1
185682,ciaps,5043,3
185678,macrophageexpressed,5043,1
185677,alveolotis,5043,1
185676,beilharz,5043,1
185674,elsewise,5043,1
185673,mitochondriaassociated,5043,1
185669,lipoglycans,5043,1
185668,interferre,5043,1
185626,a1b1,5040,1
185625,kuskokwim,5040,2
185624,chandalar,5040,1
185623,zuckerberg,5040,1
185622,ippc,5040,1
185620,spm7,5040,1
185619,treenet,5040,5
185618,juneau,5040,1
185616,tetrachloroauric,5039,1
185615,nanopartical,5039,1
185614,afufen,5039,2
185612,mert,5039,1
185611,darq,5039,1
185610,srep44924,5039,2
185609,irnh,5039,32
185608,challengeable,5039,2
201741,mb0448,5642,1
201740,groel2,5642,2
201739,grol2,5642,1
201738,hspdi,5642,1
201737,4pj1,5642,1
201736,p0a521,5642,2
201735,agkplliiaedvege,5642,1
201734,hrkplviiaedvdge,5642,1
201733,p10809,5642,8
201732,diderms,5642,1
201731,pepinfo,5642,2
201730,pepstats,5642,2
201728,ludin,5642,2
201727,mimicdb,5642,7
201726,maiorov,5642,1
201724,schultheiss,5642,1
201723,gauntt,5642,1
201722,alm,5642,1
201721,nnblom,5642,1
201720,balandraud,5642,1
201719,tiwana,5642,1
201718,appelmelk,5642,2
201717,banki,5642,1
201715,elios,5642,1
201714,gowthaman,5642,1
201712,pretends,5642,1
201711,mipepbase,5642,55
201964,kalati,5655,1
201963,natoli,5655,1
201962,amaku,5655,1
201960,unrestrictedly,5655,1
201959,morters,5655,2
201957,reece,5655,2
201956,nonconditional,5655,1
201955,qaicc,5655,5
201954,popan,5655,2
201953,seber,5655,2
201952,craniolateral,5655,1
201948,crevisa,5655,2
201947,cepea,5655,1
201945,acontrol,5655,1
185546,xiaoming,5035,1
185545,yuchen,5035,1
185544,pep19,5035,4
185543,antilipopolysaccharide,5035,1
185542,ifnbut,5035,1
185541,ifnpretreatment,5035,1
185540,tailedtests,5035,1
185538,schvu11re,5035,1
185537,stericup5,5035,1
185536,gelifesciences,5035,1
185535,saluggia,5035,1
185534,lightcycler6,5035,1
185532,glycosaminoglycansthe,5035,1
185510,adenotonsillectomized,5033,1
185509,ephitelium,5033,1
185508,adenotonsilectomized,5033,1
185507,thatthey,5033,1
185506,posttonsillectomy,5033,1
185504,npws,5033,21
211307,gek,6036,1
211306,terzi,6036,1
211305,sahiwal,6036,1
211304,ghazipur,6036,1
240555,oppossum,7243,1
240554,species67,7243,1
240553,curve39,7243,1
240551,tree64,7243,2
240550,dataset63,7243,1
240549,work62,7243,2
240548,genotypic61,7243,1
240547,hepatitis60,7243,1
240546,work58,7243,1
240545,rhodobacteriaceae,7243,1
240544,taxnomic,7243,2
240543,mer59,7243,1
240542,species57,7243,1
240541,coronaviridae56,7243,1
240540,coronaviruses55,7243,1
240539,kc242788,7243,1
240538,riverdolphin,7243,1
240537,method22,7243,2
240536,method52,7243,3
240535,work52,7243,2
240534,proteolyticum,7243,2
240533,actinobacterial,7243,2
240532,curtobacterium,7243,2
240531,software51,7243,1
240530,seqtrace,7243,1
240529,533f,7243,1
240528,taccttgttaygactt,7243,1
240527,agagtttgatymtggctcag,7243,1
240525,aizawl,7243,1
240524,lakhimpur,7243,1
240523,endosperms,7243,1
240522,development50,7243,1
240521,gigasporaceae,7243,1
240520,gigaspora,7243,1
240518,glomeraceae,7243,2
240517,plants48,7243,1
240516,glomeromycota,7243,1
240515,arbuscules,7243,1
240514,mycorrhizas,7243,2
240513,mycorrhiza,7243,1
240512,endomycorrhiza,7243,1
240510,hn2m2m,7243,2
240509,m3nh,7243,3
240508,steptimecomplexityofstage1,7243,1
240507,m3nk,7243,1
240506,hyij,7243,1
240504,p1k,7243,9
240503,classification45,7243,1
240502,foreachfixedi,7243,1
240501,whereaij,7243,1
240500,minj,7243,1
240499,is8,7243,1
240498,forfixedi,7243,1
240497,yi4,7243,2
240496,yi3,7243,2
240495,yi2,7243,3
240494,yi1,7243,3
240493,measure45,7243,1
240492,yij,7243,15
240491,sisj,7243,2
240489,theory43,7243,1
240488,14pijk,7243,1
240487,paakpatkpagkpackptakpttkptgkptckpgakpgtkpggkpgckpcakpctkpcgkpcck,7243,1
240486,p11kp12kp13kp14kp21kp22kp23kp24kp31kp32kp33kp34kp41kp42kp43kp44k,7243,1
240485,tpirt,7243,1
240484,sprjk,7243,1
240483,1spijk,7243,1
240482,pijk,7243,9
240481,nsic,7243,1
240480,nsig,7243,1
240479,nsit,7243,1
240478,nsisjnsia,7243,1
240477,nsisj,7243,2
240476,sequence42,7243,1
240475,1spij,7243,1
240474,repository2,7243,2
240473,and36,7243,1
240472,in36,7243,1
240471,by36,7243,1
240470,package38,7243,2
240469,measure37,7243,1
240468,method35,7243,1
240467,chain34,7243,2
240466,integral33,7243,1
240465,method28,7243,1
240464,substring28,7243,1
240463,substring32,7243,1
240462,sequences28,7243,1
240461,sequences21,7243,1
240460,length20,7243,1
240459,tests19,7243,1
240458,data18,7243,1
240457,assembly17,7243,1
240456,classification15,7243,1
240455,elements12,7243,1
240454,metagenomics6,7243,1
240453,studies4,7243,1
240452,approach1,7243,1
185502,cfy,5032,1
185501,hailing,5032,1
185500,appcelerator,5032,1
185499,iphones,5032,1
185497,xcode,5032,1
185492,flumob,5032,23
54830,humanrestricted,702,1
54825,seriae,702,1
54824,neis,702,1
54822,bcea1a,702,1
54821,nonopaque,702,1
54819,antibi,702,1
54816,glastrup,702,1
54813,succinylester,702,1
54807,plps3,702,3
54806,pdnr,702,2
54805,cttggagctgtcc,702,1
54804,atggtctagaaagcttgggaata,702,1
54803,acam1n,702,1
54802,cagtcgacatggagcccccctcg,702,1
54801,ceacam1n,702,1
54800,ggtgtcc,702,1
54799,atggtctagaaagctttggagtacgtgga,702,1
54798,ceacam1bn,702,1
54797,tatgtggaggtgtccag,702,1
54796,atgggtctagaaagcttgggag,702,1
54795,cam1an,702,1
54794,cagtcgacatggggaccccctcag,702,1
54793,gaagttat,702,2
54792,ceacam1abn,702,1
54791,tgtacatgaaatcgc,702,1
54790,atggtctagaaagcttggg,702,1
54788,atggtctagaaagcttccgccagacttcc,702,1
54787,mceacam1anti,702,1
54786,catggagctggcctcagcac,702,1
54785,gaagttatcagtcga,702,1
54782,bf584691,702,1
54780,neisseriae,702,2
54779,mikrobiologie,702,1
54776,siad,702,1
54775,infektionsbiologie,702,2
54774,n302,702,1
54773,n309,702,1
54772,ms11,702,2
54771,piliated,702,2
54769,clust,702,1
54768,ay487418,702,2
54767,bcea1b,702,3
54766,ay345129,702,2
54765,bcea1,702,2
54764,ccea1,702,3
54763,bc016891,702,2
54762,mcea1,702,4
54761,hcea1,702,6
54752,igcams,702,1
185425,dichotic,5030,1
185424,ab127031,5030,1
185423,ctcacaccactaccatct,5030,1
185422,acaggaatacaggactt,5030,1
185420,hatl5,5030,2
185419,hatl4,5030,1
185418,tmprss1a,5030,2
185417,cd87,5030,1
185416,urokinasetype,5030,1
185414,xuejie,5029,1
185413,tetramethylvenzidine,5029,1
185411,saintlouis,5029,1
185410,bacpakbaculovirus,5029,1
185408,gradientwere,5029,1
238736,ruiming,7179,1
238735,huangpu,7179,2
238734,hengyun,7179,1
238733,liwan,7179,1
238732,nansha,7179,1
238731,huarun,7179,1
238730,hydropower,7179,2
238727,coke,7179,1
238726,coking,7179,1
238725,ndrc,7179,1
238723,divisia,7179,1
238722,stirpat,7179,5
238721,e0210430,7179,1
238720,aui,7179,4
238719,lmdi,7179,24
185404,tagccctcataaat,5028,1
185403,agcgcg,5028,1
185402,gccgtgctgtccctctac,5028,1
185401,tctccaagaaaactgagctgt,5028,1
185400,ggttctgctgaacaaaggca,5028,1
185399,ttgggctccataaagtcacc3,5028,1
185398,gctggcctccttgatgaata3,5028,1
185397,tgtttactgctgctgctggt3,5028,1
185396,cacaacgttcaaccatgctc3,5028,1
185395,glycoportein,5028,1
185394,ab90801,5028,1
185392,tetsqvapa,5028,1
185391,2pg,5028,1
185390,am4611g,5028,1
185389,pro12ala,5028,1
185388,fapb5,5028,1
185387,ifluenza,5028,1
185386,letiviral,5028,1
185385,letivirus,5028,1
185384,supplematary,5028,1
185383,trans10,5027,1
185381,t1809c,5027,1
185380,g15932a,5027,1
185377,genomebased,5027,1
185376,km887144,5027,1
185375,kx066126,5027,1
185373,tgacctcaaagacatcccagagtgg,5027,1
185372,aacg,5027,1
185371,ttcgcccttgggaattctc,5027,1
185370,aatccagggccacttcg,5027,1
185369,1xdmem,5027,1
185367,pbleobacii,5027,1
185366,gendepot,5027,1
185365,cellmaxin,5027,1
185364,cau20160520,5027,1
185361,e0173998,5027,1
185360,rchm2013inoculated,5027,1
185359,rchm2013,5027,14
185358,rbj2011c,5027,19
134586,ndt,3040,1
134583,folddiluted,3040,1
134582,rfcov,3040,14
134581,aggaccactattatcagac,3040,1
134580,ggtaccttagtg,3040,1
134579,agcctcgagtgacg,3040,1
134578,ggatccatgcctgt,3040,1
134577,aacccagctgtgcctttg,3040,1
134576,ggtacctt,3040,1
134575,gttttactctgctagtatgctt,3040,1
134574,gaattcat,3040,1
134573,prbd,3040,6
134572,kpn1,3040,1
134570,anticat,3040,1
134569,hyq,3040,1
185355,mcconnockie,5026,1
185354,legan,5026,1
185344,enrols,5024,1
185342,attur,5024,1
185338,thrombiculid,5024,1
181612,hc13236,4845,1
181610,goldstar,4845,2
181609,c229e,4845,1
181608,clchi2,4845,1
222319,nonpathognomonic,6538,1
222318,efers,6538,1
222317,supervisionhospital,6538,1
222316,supervisiondaily,6538,1
222315,supervisionmutual,6538,1
222314,necc,6538,5
222313,beforedeployment,6538,1
222312,kanyon,6538,1
222311,cmmts,6538,2
222310,crimeane,6538,1
253471,rlrlike,7797,1
253470,dhx15,7797,3
253469,poasl,7797,1
253467,raver1,7797,1
253466,lrrc25,7797,1
253465,rna5sp141,7797,2
253464,lncatv,7797,1
253463,skiv2l,7797,1
253462,e373q,7797,1
253461,c268f,7797,1
253460,e373a,7797,1
253459,longnon,7797,1
253458,energic,7797,1
253457,deadbox,7797,1
253456,wellconserved,7797,1
253455,rnaassociated,7797,1
253454,polyubiquinated,7797,1
253453,riok3,7797,1
253451,t770,7797,1
253450,s855,7797,1
253449,s854,7797,1
253448,merten,7797,3
253447,repsonses,7797,1
262638,loewe,8183,1
262637,4ds,8183,1
262635,diethylpropion,8183,1
262634,biorhythm,8183,1
262633,bnc105p,8183,1
262632,docetaxol,8183,1
262631,sulfasalazine,8183,1
262630,ig2a,8183,1
262629,drugligand,8183,1
262628,proresolving,8183,3
262627,biorhythms,8183,1
262626,commen,8183,1
262625,panobinostat,8183,1
262624,belinostat,8183,1
262623,marksman,8183,1
262622,nabilone,8183,1
262621,cnr2,8183,1
262620,melee,8183,1
262619,overshoots,8183,1
262618,outworking,8183,1
185337,yageta,5023,1
185335,script5,5023,1
185334,qiaamp5,5023,1
185332,neversmoking,5023,1
219708,multivitaminc,6414,1
219706,mirabile,6414,1
219705,vascularizes,6414,1
219701,12cells,6414,1
219700,nonhemorrhagic,6414,2
219699,vetplus,6414,2
219698,aktivait,6414,2
219697,gadovist,6414,1
219696,gadobutrol,6414,1
219695,hypointensity,6414,2
219693,isotense,6414,1
219692,aperto,6414,1
219691,sphygmomanometry,6414,1
219690,flocculonodular,6414,1
185329,butenal,5021,1
185328,lparegulated,5021,1
185327,90rsk,5021,1
185326,109203x,5021,1
